age_group,mean_std,median_std,num_title_groups
18-24,1.0202573256017666,1.0122403577569514,1777
25-34,0.9893993017092703,0.9863953229470359,2440
35-44,0.9490676011276914,0.9420215352034491,1964
45-49,0.9269205369291058,0.9235242357892193,1274
50-55,0.9165061615389124,0.9069652899914518,1130
56+,0.9123890082371635,0.9048262587062748,648
Under 18,1.064619892557902,1.0561412742277538,426
