decade,mean,median,count
1910,1.307098501140593,1.1547005383792515,3
1920,1.1591234421108225,1.1045488213720402,22
1930,0.9721336665060533,0.965749755665166,65
1940,0.9474673802166269,0.9321521136730904,117
1950,0.9666459468071903,0.9444703215792762,160
1960,0.9820101101664236,0.9651292392573656,184
1970,0.9739958966037008,0.9536078357951215,235
1980,0.9889515070963717,0.9816635922834206,583
1990,1.0263373901725852,1.018399957920016,2078
2000,1.0720083664291464,1.0770522548658104,145
