age_group,extreme_rate
18-24,0.29215521750501267
25-34,0.27714912679873394
35-44,0.2702321070536625
45-49,0.2696423660516782
50-55,0.2972547937646572
56+,0.3176637441980402
Under 18,0.3322185880710007
