sigma_bucket,abs_err
Q1 (σ thấp),0.6688003130182407
Q2,0.7607988080058177
Q3,0.8443214846777279
Q4 (σ cao),0.967616730830197
